id,user_id,role
2,3,admin
3,4,patient
4,5,patient
5,6,admin
6,7,patient
7,8,patient
8,13,patient
13,15,admin
15,16,patient
16,18,patient
19,20,patient
20,21,patient
21,22,patient
22,23,patient
23,24,patient
24,25,patient
25,26,patient
26,28,admin
28,29,patient
30,31,patient
31,32,admin
32,33,patient
33,34,patient
34,35,patient
35,36,patient
36,37,patient
37,38,patient
38,39,admin
39,40,patient
40,41,patient
41,42,patient
42,43,patient
43,44,patient
44,45,patient
45,46,patient
46,47,patient
47,48,patient
49,50,patient
51,51,patient
53,54,patient
54,55,patient
55,56,patient
56,57,patient
57,58,patient
58,59,admin
59,60,patient
60,61,patient
61,62,patient
62,63,patient
65,66,patient
68,69,patient
69,71,patient
71,72,patient
72,73,patient
73,74,patient
74,75,patient
75,76,patient
77,78,patient
78,79,patient
80,81,patient
81,82,patient
82,83,patient
83,84,patient
84,85,patient
85,86,patient
86,87,patient
87,88,admin
88,89,patient
89,90,patient
90,91,patient
91,92,patient
92,93,patient
93,94,patient
94,95,patient
96,97,patient
97,98,patient
98,99,patient
99,100,patient
100,101,patient
101,104,patient
103,105,patient
104,106,patient
105,107,patient
106,108,patient
107,109,patient
108,110,patient
109,111,patient
110,112,patient
111,113,patient
112,115,patient
113,116,patient
114,117,patient
115,118,patient
116,119,patient
118,121,patient
120,123,patient
121,124,patient
122,125,patient
123,126,patient
124,127,patient
125,128,patient
126,129,patient
127,130,patient
128,131,patient
129,132,patient
130,133,patient
131,134,patient
132,135,patient
134,137,patient
135,138,patient
136,139,patient
137,140,patient
139,142,patient
140,143,patient
141,144,patient
142,145,patient
143,146,patient
144,147,patient
145,148,patient
146,149,patient
147,150,patient
148,151,patient
150,153,patient
151,154,patient
152,155,patient
153,156,patient
154,157,patient
155,158,patient
156,159,patient
157,160,patient
158,162,patient
160,163,patient
161,164,patient
162,165,patient
163,166,patient
164,167,patient
165,168,patient
166,169,patient
167,170,patient
168,171,patient
169,172,patient
170,173,patient
171,174,patient
172,175,patient
173,176,patient
174,177,patient
175,178,patient
176,179,patient
177,180,patient
178,181,patient
180,183,patient
181,184,patient
182,185,patient
183,186,patient
184,187,patient
185,188,patient
186,189,patient
187,190,patient
188,191,patient
189,192,patient
190,193,patient
191,194,patient
192,195,patient
193,196,patient
194,197,patient
195,198,patient
196,199,patient
198,201,patient
199,202,patient
200,203,patient
201,204,patient
202,205,patient
203,206,patient
204,207,patient
205,208,patient
206,209,patient
207,210,patient
208,212,patient
209,211,admin
210,213,patient
211,214,patient
212,215,patient
213,216,patient
214,217,patient
215,218,patient
216,219,patient
217,220,patient
218,221,patient
219,222,patient
220,223,patient
221,224,patient
222,225,patient
223,226,patient
224,227,patient
226,229,patient
227,230,patient
228,232,patient
229,233,patient
230,234,patient
231,235,patient
232,236,patient
233,237,patient
234,238,patient
235,239,patient
237,241,patient
238,242,patient
239,243,patient
240,244,patient
241,245,patient
242,246,patient
243,247,patient
244,248,patient
245,249,patient
246,250,patient
247,251,patient
248,252,patient
249,253,patient
250,254,patient
251,255,patient
252,256,patient
253,257,patient
254,259,patient
255,260,patient
257,262,patient
258,263,patient
259,264,patient
261,266,patient
264,269,patient
265,270,patient
266,272,patient
268,273,patient
269,274,patient
270,275,patient
271,276,patient
272,277,patient
273,279,patient
274,280,patient
280,286,patient
281,287,admin
283,289,patient
284,290,patient
285,291,patient
286,292,patient
287,293,patient
288,294,patient
289,295,patient
290,296,patient
291,299,patient
292,300,patient
293,301,patient
294,302,patient
295,303,patient
296,304,patient
297,305,patient
298,306,patient
299,307,patient
300,308,patient
301,309,patient
302,310,patient
303,311,patient
304,312,patient
305,313,patient
306,314,patient
307,315,admin
308,316,patient
309,317,patient
310,318,patient
311,319,patient
312,320,patient
313,321,patient
314,322,patient
315,323,patient
316,325,patient
317,326,patient
318,327,patient
319,328,patient
320,329,patient
321,330,patient
322,331,patient
323,332,patient
324,333,patient
325,334,patient
326,340,patient
330,344,patient
331,345,patient
332,346,patient
333,347,patient
334,348,patient
335,349,patient
336,350,patient
337,351,patient
338,352,patient
339,353,patient
340,354,patient
343,357,patient
344,358,patient
345,359,patient
346,360,patient
347,361,patient
348,362,patient
349,363,patient
350,365,patient
351,366,patient
352,367,patient
354,369,patient
355,370,patient
356,371,patient
357,372,patient
358,373,patient
359,374,patient
361,376,patient
362,377,patient
363,378,patient
365,380,patient
366,381,patient
367,382,patient
368,383,patient
369,384,patient
370,385,patient
371,386,patient
373,388,patient
374,389,patient
375,390,patient
376,391,patient
377,392,patient
378,393,patient
379,394,patient
380,395,patient
381,396,patient
382,397,patient
384,399,patient
385,400,patient
386,401,patient
387,402,patient
389,404,patient
390,405,patient
391,406,patient
392,407,patient
393,408,patient
394,409,patient
395,410,patient
396,411,patient
397,412,patient
398,413,patient
399,414,patient
400,415,patient
401,416,patient
402,417,patient
403,418,patient
404,419,patient
405,420,patient
406,421,patient
407,422,patient
408,423,patient
409,424,patient
410,425,patient
411,426,patient
412,427,patient
413,428,patient
414,429,patient
415,430,patient
416,431,patient
417,432,patient
418,433,patient
419,434,patient
420,435,patient
421,436,patient
422,437,patient
423,438,patient
424,439,patient
425,440,patient
426,441,patient
427,442,patient
428,443,patient
429,444,patient
430,445,patient
431,446,patient
432,447,patient
433,448,patient
434,449,patient
435,450,patient
436,451,patient
437,452,patient
438,453,patient
439,454,patient
440,455,patient
441,456,patient
442,457,patient
443,458,patient
444,459,patient
445,460,patient
446,461,patient
447,462,patient
448,463,patient
449,464,patient
450,465,patient
451,466,patient
454,470,patient
456,472,patient
457,473,patient
458,474,patient
459,475,patient
460,476,patient
461,477,patient
462,478,patient
463,479,patient
464,480,patient
465,481,patient
466,482,patient
467,483,patient
468,484,patient
469,485,patient
470,486,patient
471,487,patient
472,488,patient
473,489,patient
474,490,patient
475,491,patient
476,492,patient
477,493,patient
478,494,patient
480,496,patient
485,501,patient
486,502,patient
487,503,patient
488,504,patient
489,505,patient
490,506,patient
491,507,patient
492,508,patient
493,509,patient
494,510,patient
498,514,patient
499,515,patient
505,521,admin
507,524,patient
511,530,patient
514,533,patient
518,537,patient
521,540,patient
522,541,patient
523,542,patient
524,543,patient
525,544,patient
526,545,patient
527,546,patient
529,548,patient
530,549,patient
531,550,patient
532,551,patient
533,552,admin
534,553,patient
535,554,patient
536,555,patient
537,556,patient
538,557,patient
539,558,patient
540,559,patient
541,560,patient
543,562,patient
544,563,patient
548,567,patient
549,568,patient
550,569,patient
551,570,patient
552,571,patient
553,572,patient
554,573,patient
555,574,patient
556,575,patient
557,576,patient
558,577,patient
559,578,patient
560,579,patient
561,580,patient
562,581,patient
566,585,patient
567,586,patient
568,587,patient
569,588,patient
570,589,patient
571,590,patient
573,592,patient
574,593,patient
575,594,patient
576,595,patient
578,597,patient
579,598,patient
580,599,patient
582,602,patient
